superficie;habitaciones;baños;Precio
60;2;1;750
83;3;1;950
100;4;2;993
150;3;2;1.150
29;1;1;750
119;4;2;1.400
110;3;2;1.100
34;1;1;650
80;3;1;850
160;3;2;1.950
80;3;1;900
58;2;1;950
85;3;2;1.150
92;3;2;1.500
82;3;1;1.000
30;1;1;550
68;3;1;700
50;1;1;900
52;1;1;720
63;2;1;1.075
110;3;2;2.250
125;3;2;1.350
55;2;1;1.400
290;5;4;4.808
86;4;2;1.150
90;4;2;950
40;1;1;650
51;2;1;634
118;4;2;1.250
130;4;3;2.000
90;3;2;1.090
90;2;1;950
250;5;5;6.800
120;3;2;2.200
65;2;1;900
112;5;2;1.350
100;3;2;1.180
110;2;2;1.500
83;3;2;995
71;3;1;1.000
60;2;1;600
125;3;2;1.393
75;3;1;900
80;3;2;1.100
75;4;2;900
128;3;3;2.950
85;2;2;1.590
72;2;1;800
96;2;2;1.200
47;1;1;750
90;4;2;920
170;4;4;3.600
50;1;1;1.300
115;4;2;1.400
48;2;1;675
65;2;1;750
60;2;1;920
85;4;2;1.200
115;3;2;1.800
85;3;1;1.300
68;2;1;850
70;2;1;980
68;2;1;900
64;2;1;820
70;2;1;1.600
55;2;1;980
92;4;2;950
85;3;1;995
64;2;1;1.300
50;2;1;850
55;2;1;990
100;2;2;1.300
29;1;1;600
65;2;2;750
82;4;1;900
51;1;1;850
105;3;2;1.400
92;3;2;1.450
70;2;1;850
125;3;2;1.400
60;2;1;750
60;2;1;1.800
115;2;1;1.850
120;3;2;3.100
95;2;2;1.700
191;3;3;3.500
55;2;1;800
89;1;2;1.750
285;4;4;6.500
83;4;1;925
88;4;2;1.150
68;1;1;800
58;2;1;800
65;1;1;800
33;1;1;600
195;3;2;2.500
66;3;1;1.350
88;3;1;1.100
86;3;2;1.090
66;2;1;1.050
55;1;2;650
40;1;1;750
65;2;2;950
99;3;2;1.330
52;2;1;870
80;4;1;1.100
99;2;2;1.900
95;2;2;2.000
71;3;1;900
53;2;1;725
120;4;2;1.250
62;3;1;850
70;3;1;930
90;4;2;1.100
84;3;2;1.100
120;3;2;1.550
65;3;1;850
92;3;1;1.200
75;1;1;900
40;1;1;850
115;3;2;1.300
100;3;2;1.400
95;4;1;1.100
35;1;1;600
85;3;1;925
50;2;1;1.050
88;2;1;1.600
95;4;1;1.600
85;3;3;990
70;3;1;750
76;3;1;980
115;3;2;1.750
64;2;1;900
75;3;1;875
80;3;1;810
84;3;1;950
273;5;4;4.200
64;3;1;775
96;3;1;1.700
60;2;2;1.000
74;2;1;1.400
100;4;2;1.699
71;2;1;750
60;2;1;730
90;2;2;2.200
60;3;1;800
59;1;1;990
122;3;2;1.000
250;4;3;3.000
25;1;1;700
84;3;2;930
171;3;3;2.500
50;1;1;1.100
236;5;3;3.000
99;3;2;1.200
73;2;2;1.150
67;3;1;1.300
75;3;1;930
89;1;1;950
144;3;2;1.550
63;3;1;900
57;1;1;1.285
140;3;3;1.500
120;4;2;1.580
42;1;1;700
80;3;1;1.050
95;4;2;1.250
101;3;2;1.145
90;3;1;1.275
65;4;1;1.200
40;1;1;700
52;2;1;800
65;3;1;950
80;3;1;1.100
90;3;2;2.300
60;2;1;1.200
80;3;1;900
34;1;1;860
111;4;2;1.350
65;2;1;770
55;1;1;750
69;1;1;1.100
55;1;1;690
100;3;2;2.000
168;4;3;3.200
96;4;2;1.150
85;3;1;1.080
57;1;1;1.190
45;2;1;700
72;3;1;820
81;3;2;1.350
48;2;1;725
60;2;1;1.100
51;3;1;795
78;2;1;1.250
65;2;1;1.100
50;3;1;800
75;3;1;820
70;2;2;950
55;1;1;950
93;2;2;1.090
40;1;1;800
30;1;2;550
109;3;2;1.800
96;2;2;1.100
85;3;1;1.080
88;3;2;1.500
75;1;1;850
66;2;1;1.200
83;4;2;1.250
150;7;2;1.950
115;3;2;1.300
70;2;1;900
64;1;1;1.300
181;3;3;2.750
65;2;1;900
70;2;1;1.100
90;3;2;1.100
440;2;1;2.200
60;3;1;980
88;2;1;1.760
85;4;2;1.150
80;3;1;800
68;3;1;752
56;2;2;1.350
80;2;1;900
55;2;1;975
80;3;2;1.500
140;3;2;2.500
69;3;1;1.300
81;4;1;1.450
170;2;2;3.000
66;3;1;900
45;1;1;650
70;1;1;1.100
85;2;1;1.980
100;2;2;3.800
77;2;1;990
80;3;1;1.050
45;1;1;620
110;4;2;1.350
71;2;1;770
110;2;1;1.800
103;3;2;1.050
106;4;2;1.200
45;1;1;750
52;2;1;625
54;3;1;850
95;2;1;1.385
64;2;1;900
130;3;2;2.250
85;2;1;1.500
140;3;2;1.600
70;2;1;900
110;4;2;1.250
41;1;1;690
45;2;1;650
76;1;1;950
134;3;2;3.000
233;5;3;3.000
185;4;2;2.700
67;3;1;830
100;3;1;1.150
29;1;1;950
54;1;1;950
350;3;4;5.000
40;1;1;1.200
90;3;1;1.300
50;2;1;840
94;3;2;1.200
78;3;1;800
60;1;1;900
90;4;2;1.000
40;1;1;650
48;1;1;720
106;2;2;1.250
84;3;2;1.100
140;3;3;1.500
54;2;1;800
100;3;2;1.675
95;3;2;1.300
31;1;1;600
65;1;1;900
77;2;1;1.050
75;4;2;900
65;3;1;750
60;2;1;900
55;2;1;750
40;1;1;935
40;1;1;700
50;2;1;1.000
76;2;1;1.100
50;1;1;900
66;3;1;700
67;2;1;890
65;3;3;1.100
94;3;1;1.195
78;4;2;1.000
63;2;1;1.000
45;1;1;856
90;4;2;1.100
62;2;1;750
110;3;1;1.950
104;4;1;1.100
51;1;1;690
120;3;2;1.590
40;1;1;900
256;4;3;4.500
115;2;2;2.380
64;2;1;1.100
57;3;1;850
85;3;1;1.100
47;1;1;850
70;2;1;900
64;2;1;1.050
120;4;2;1.900
50;2;1;900
128;4;2;1.900
155;4;3;3.250
51;1;1;795
90;3;2;985
86;3;2;850
80;3;1;900
75;3;1;1.125
85;2;1;1.500
80;3;1;900
120;4;1;2.150
85;3;2;1.500
89;3;2;1.050
68;2;1;950
124;4;2;1.700
85;2;1;1.500
160;3;3;3.900
101;2;2;2.451
114;3;2;1.350
73;2;1;1.200
70;2;1;1.300
65;1;1;1.700
80;3;1;1.550
90;3;1;780
82;3;1;1.100
112;5;2;1.350
36;1;1;800
140;3;3;1.500
109;4;1;1.300
60;2;1;1.150
105;3;2;1.650
84;3;1;814
77;2;1;700
55;3;1;790
235;5;3;3.850
170;4;3;4.000
30;1;1;475
50;1;1;585
55;2;1;690
87;2;1;1.122
65;3;1;790
91;3;2;1.050
55;3;1;800
80;3;1;1.550
63;2;1;1.075
60;2;1;1.650
107;4;2;1.200
75;3;1;1.199
109;3;2;1.550
55;1;1;780
85;2;2;1.695
75;2;1;1.500
48;1;1;950
105;3;2;2.000
104;4;2;1.235
45;1;1;835
100;3;2;2.300
30;1;1;640
75;4;2;1.180
78;3;2;950
103;3;2;1.300
59;2;1;1.250
210;4;3;3.200
76;2;2;900
45;1;1;650
41;1;1;640
90;4;2;950
87;3;2;1.000
50;2;1;850
45;1;1;680
70;3;1;750
71;3;1;875
171;4;2;2.400
91;4;1;930
100;2;2;1.340
70;3;2;875
100;4;2;1.200
34;1;1;800
75;3;1;900
110;4;2;1.100
66;2;1;1.000
475;4;4;15.000
96;2;1;1.900
74;3;2;1.000
76;3;1;850
35;1;1;580
36;1;1;840
70;3;2;1.200
112;5;2;1.450
125;3;2;1.400
90;2;1;1.200
61;2;1;1.150
190;4;3;8.500
72;3;1;950
81;2;2;1.200
76;1;1;980
81;3;1;900
65;2;1;1.100
140;3;2;1.600
49;3;1;800
75;3;1;930
102;3;2;1.850
195;2;3;2.800
80;3;2;1.500
45;1;1;968
202;4;3;2.000
55;2;1;1.200
105;2;2;1.700
69;1;1;1.600
80;3;1;1.100
80;2;1;950
50;2;1;825
100;4;2;1.400
230;4;2;4.500
85;3;1;1.250
40;2;1;620
104;3;2;2.200
106;3;2;1.950
86;4;1;1.000
30;1;1;590
67;2;2;1.100
40;1;1;1.350
193;3;2;3.600
70;3;1;995
50;1;2;750
38;3;1;850
41;1;1;950
25;1;1;595
350;4;4;8.000
65;3;1;940
48;3;1;700
200;4;3;2.500
140;4;3;2.700
55;1;1;700
40;1;1;1.000
75;4;2;1.000
66;2;1;1.400
95;3;2;1.150
48;2;1;1.250
85;4;1;900
91;3;2;925
65;2;2;1.600
68;3;1;890
94;3;2;990
146;4;2;3.900
76;2;2;900
65;1;1;1.190
80;3;1;1.050
38;2;1;716
65;3;2;780
90;2;1;985
150;3;2;3.500
75;3;1;1.100
70;1;1;1.050
80;2;2;1.400
50;1;1;700
109;4;2;1.100
29;2;1;694
70;2;1;870
48;1;1;1.200
112;2;2;1.300
80;3;2;800
95;3;1;1.150
78;3;1;1.300
150;4;2;4.200
55;2;1;750
340;6;3;3.500
50;1;1;1.100
62;2;1;1.350
45;1;1;960
65;1;1;900
107;2;2;1.300
86;4;1;940
88;2;2;1.490
88;3;2;1.290
135;3;2;3.900
100;4;1;1.100
65;1;1;900
40;1;1;840
70;3;1;875
105;3;2;3.000
57;2;1;800
55;2;1;1.100
55;1;1;850
65;1;1;1.130
77;2;2;1.250
148;3;2;2.200
191;3;3;3.900
107;1;1;1.950
65;2;1;950
230;4;8;2.000
80;2;2;1.350
65;2;1;900
216;4;3;3.700
65;3;1;875
45;1;1;650
85;3;2;1.400
104;1;1;1.500
42;1;1;810
55;2;1;750
80;2;1;1.300
167;5;1;2.445
71;2;1;1.200
80;4;2;1.100
110;3;1;1.800
72;2;1;1.250
80;3;2;1.500
75;2;1;900
70;3;1;880
56;2;1;850
90;1;1;1.500
74;3;1;975
70;4;1;950
65;2;1;860
105;3;2;1.200
85;3;1;825
65;3;1;790
98;4;1;975
70;2;1;800
80;2;1;1.100
75;4;1;850
115;4;2;1.300
79;3;1;1.006
82;3;2;1.170
30;1;1;590
45;1;1;850
75;2;2;1.250
146;3;2;3.900
114;4;2;1.600
100;2;2;950
40;2;2;990
91;4;2;1.150
80;3;2;1.400
73;2;2;900
65;2;1;950
64;2;1;1.050
117;4;2;1.400
57;1;1;900
60;1;1;600
72;2;1;750
70;1;1;860
61;3;1;900
92;3;2;1.050
89;3;1;1.100
87;3;2;1.100
80;1;1;2.500
120;3;2;2.200
72;2;2;1.550
140;4;2;1.700
110;3;2;1.322
59;2;1;900
250;5;3;2.950
45;3;1;750
87;4;2;900
130;3;2;2.100
90;2;2;2.350
85;2;1;1.600
66;3;2;850
163;2;2;3.500
122;3;2;1.400
80;3;2;1.350
80;3;2;2.000
65;2;1;890
80;3;1;1.050
55;1;1;850
70;3;1;950
48;2;1;700
105;3;2;1.324
106;3;2;1.500
87;4;2;950
70;2;1;1.100
277;5;5;4.900
73;3;1;975
70;2;1;1.050
67;3;1;984
68;2;1;1.200
101;3;1;875
75;3;1;950
52;1;1;1.220
58;1;1;975
100;4;1;1.300
60;2;1;650
65;1;1;860
67;3;1;875
65;2;1;950
105;3;3;4.000
48;1;1;700
80;2;1;1.300
140;3;3;1.500
48;1;1;780
150;4;2;2.100
65;2;1;1.438
91;3;1;1.300
105;3;2;2.000
37;1;1;649
60;3;1;850
63;2;1;1.000
160;3;3;2.350
77;2;1;1.300
70;3;1;975
69;2;1;1.443
90;2;1;1.200
52;2;1;725
65;3;1;750
55;1;1;925
72;2;1;920
240;6;3;3.500
57;2;1;1.600
38;1;1;760
45;1;1;740
100;3;2;4.000
65;2;1;1.500
62;3;1;900
65;1;1;850
100;4;2;1.000
70;4;2;1.000
108;3;2;1.570
95;2;2;2.750
90;3;1;1.100
77;3;1;800
80;3;2;1.500
70;3;1;1.020
105;3;2;1.200
286;5;5;5.206
75;2;1;990
86;2;1;1.700
90;3;2;990
62;2;1;950
107;3;2;1.520
55;2;1;1.000
100;3;2;1.050
80;3;1;1.000
100;4;2;1.050
55;1;1;1.600
45;1;1;700
36;2;1;750
120;3;2;1.000
65;2;1;800
75;3;1;1.200
203;3;3;2.900
75;3;1;1.000
53;1;1;1.150
90;2;2;1.650
42;1;1;820
96;2;2;1.200
105;3;2;1.250
102;2;2;1.800
65;3;1;840
146;4;2;3.200
66;1;2;975
77;3;1;950
60;2;1;900
76;2;1;1.100
70;2;1;1.069
103;3;2;1.200
90;3;2;990
80;2;2;1.400
67;2;1;750
69;2;1;1.350
75;3;1;889
85;3;2;1.300
110;4;2;1.200
43;2;1;1.095
65;1;1;1.100
91;4;2;1.125
80;3;1;1.550
180;4;2;2.400
92;2;1;1.200
55;2;1;1.129
54;1;1;950
92;4;1;1.250
95;2;2;1.850
53;1;1;975
86;3;2;1.250
62;1;1;800
86;5;2;990
110;3;2;1.600
119;4;2;1.950
140;4;2;1.300
75;3;1;900
40;1;1;590
55;1;2;750
94;3;2;1.250
120;3;2;1.768
76;3;1;725
60;2;1;1.200
32;1;1;635
84;4;2;1.090
120;3;2;2.300
80;3;2;1.000
60;2;1;875
85;2;1;995
50;2;1;650
55;2;1;700
163;3;2;1.100
32;1;1;750
35;1;1;650
61;2;1;850
60;2;1;1.300
82;3;1;1.000
65;2;1;1.300
150;4;2;1.650
165;4;3;2.000
76;2;1;975
75;3;1;1.000
51;2;1;850
40;1;1;800
150;4;3;2.650
57;2;1;980
80;4;2;975
91;4;1;990
30;1;1;700
50;1;1;950
115;2;2;1.650
87;3;2;1.100
72;3;1;795
65;2;1;875
80;2;1;850
86;3;2;1.200
242;5;4;4.500
106;2;2;1.500
75;2;1;625
86;3;1;1.350
92;3;1;1.300
84;3;2;1.150
71;3;1;1.100
40;1;1;575
48;1;1;900
75;4;1;940
85;3;2;1.350
75;2;1;1.500
113;5;2;2.430
148;4;3;2.700
140;3;2;2.750
50;2;1;940
65;2;1;950
76;3;2;900
70;3;1;800
95;3;1;850
33;1;1;590
89;2;1;1.100
58;1;1;660
90;2;1;820
57;3;1;850
252;4;3;5.500
55;1;1;1.200
374;5;5;4.900
60;1;1;850
97;3;2;1.090
100;3;3;2.100
107;4;1;1.300
105;3;2;2.000
90;3;2;1.000
100;2;1;900
47;2;1;875
52;2;1;865
85;1;2;1.500
84;3;2;1.170
75;3;1;1.150
85;4;2;1.450
85;3;2;1.700
77;3;2;1.238
220;5;3;3.500
130;3;2;1.300
120;4;2;1.540
60;2;1;1.250
102;3;1;1.800
65;1;1;1.700
170;2;2;2.800
62;2;1;800
64;2;1;1.000
90;2;1;1.350
70;3;2;900
102;3;2;999
149;3;2;3.400
250;4;3;1.995
45;1;1;950
70;3;2;795
75;3;1;1.200
146;3;2;3.900
114;3;2;1.400
65;1;1;850
61;2;1;767
50;2;1;825
86;1;1;950
55;1;1;650
54;1;1;900
90;4;2;1.500
145;6;2;1.750
96;2;1;850
80;4;1;1.050
90;2;2;2.500
50;1;1;900
65;3;2;999
124;3;1;1.350
70;2;1;960
99;4;2;1.100
110;4;2;1.200
56;3;1;850
74;3;1;880
70;1;1;950
45;1;1;1.200
100;4;2;1.380
130;2;2;1.360
46;1;1;1.075
59;2;13;800
45;1;1;950
125;3;2;1.500
65;1;1;800
32;1;1;700
45;1;1;700
60;3;1;850
110;4;2;2.700
120;2;2;950
66;1;1;900
92;4;1;1.200
86;3;2;1.350
59;3;1;850
76;2;1;1.200
125;4;2;1.200
40;2;1;1.200
100;3;2;1.150
54;1;1;800
27;1;1;575
27;1;1;640
50;1;1;3.100
32;1;1;750
31;1;1;650
190;4;2;3.400
81;3;1;875
77;3;2;780
67;2;2;1.350
65;2;2;1.800
46;1;1;800
75;1;2;950
51;3;1;775
80;3;2;1.500
35;1;1;750
57;3;1;850
55;2;1;1.450
142;1;1;1.200
69;2;1;1.100
68;3;1;1.000
81;2;1;1.150
65;2;2;1.800
119;2;2;1.650
67;2;2;1.400
65;2;1;870
72;3;1;750
220;4;3;4.500
75;3;2;1.400
45;1;1;900
171;3;2;2.200
100;3;2;1.100
95;4;2;950
31;1;1;700
72;2;1;1.150
338;6;4;6.800
45;1;1;699
48;2;1;1.760
70;3;1;1.000
70;3;2;1.050
95;2;1;1.350
125;3;2;1.450
66;2;1;1.090
85;3;2;1.400
50;1;1;800
65;2;1;1.600
40;1;1;750
60;2;1;850
136;3;2;2.800
52;1;1;720
71;3;1;690
37;1;1;700
60;1;1;850
97;3;2;1.650
79;2;1;925
92;4;1;950
133;5;3;3.125
75;2;1;900
119;3;2;1.250
140;4;1;1.500
65;3;1;950
172;3;4;2.250
146;2;3;3.500
90;3;1;945
54;3;1;790
80;3;1;1.100
257;6;3;2.950
60;2;2;1.400
53;3;1;680
65;2;1;980
72;2;1;1.300
99;2;2;2.200
78;3;1;890
58;2;1;1.150
85;3;2;1.700
27;1;1;550
60;2;2;1.200
88;1;1;1.400
55;1;1;900
124;4;2;1.095
74;3;1;950
140;4;2;3.800
42;1;1;960
65;3;1;1.050
126;1;2;1.765
45;1;1;1.210
175;5;2;1.650
100;2;1;2.000
75;3;1;820
108;1;1;1.090
72;4;2;990
90;4;2;1.500
80;1;1;2.000
81;3;1;1.100
80;3;2;1.600
87;2;2;1.100
61;1;1;900
55;1;1;1.000
45;1;1;662
70;3;2;900
114;4;2;1.500
24;1;1;600
64;1;1;900
55;2;1;650
97;2;2;1.300
57;2;1;760
37;1;1;915
145;3;2;2.850
38;2;1;690
197;3;3;3.800
70;3;1;1.200
78;3;1;875
110;3;2;1.850
80;2;1;760
76;2;1;1.200
75;3;1;1.050
55;1;1;1.300
71;2;2;750
90;2;2;2.650
65;3;1;1.000
83;3;1;925
200;5;2;2.800
41;1;1;1.000
74;3;2;1.200
75;3;2;1.000
87;3;1;1.200
73;4;1;1.100
85;3;1;850
90;3;2;1.201
75;3;2;1.400
38;1;1;490
76;3;1;800
90;4;2;925
45;1;1;1.200
50;1;1;650
120;4;2;1.500
63;2;1;977
53;1;1;800
80;3;1;890
107;3;2;2.680
101;4;2;1.115
138;4;3;3.365
40;1;1;640
105;2;2;1.200
147;4;3;2.300
80;3;2;2.200
90;2;2;1.550
120;4;2;1.290
112;3;2;1.650
50;3;1;700
50;2;1;790
120;2;2;2.590
91;3;1;800
80;3;1;1.550
167;4;3;1.800
70;1;1;1.300
55;2;1;760
81;3;1;1.050
75;3;1;900
50;1;1;825
86;2;2;1.500
100;4;1;1.195
45;1;1;1.320
62;1;2;850
60;2;2;950
57;1;1;1.400
52;3;1;825
60;2;1;950
60;2;1;900
75;1;1;1.430
48;1;1;900
75;3;1;1.000
58;1;1;1.200
95;3;1;1.300
63;1;2;900
61;2;1;900
140;5;3;1.750
100;2;2;3.500
75;3;2;850
65;2;1;790
51;2;1;800
67;21;1;2.400
88;4;1;850
50;2;1;875
91;3;1;875
95;3;2;1.200
77;3;2;1.650
69;2;1;890
40;1;1;900
137;4;2;1.600
47;1;1;900
60;2;1;950
55;2;1;1.100
113;3;2;1.600
70;2;1;950
48;1;1;760
92;3;2;1.500
19;1;27;530
48;3;1;800
75;2;1;795
90;3;2;1.100
55;4;1;950
202;2;4;745
90;4;1;3.800
99;4;2;1.250
95;4;2;1.360
152;4;3;1.200
85;1;1;2.250
40;3;1;1.150
78;2;1;700
50;5;1;1.050
200;1;4;750
60;3;1;870
100;1;2;1.200
50;4;2;1.000
92;2;1;800
75;2;1;1.000
75;3;2;1.500
50;3;1;1.100
115;2;2;950
74;3;1;1.350
160;4;2;800
128;3;3;1.600
85;2;2;1.600
104;3;2;1.400
80;2;1;1.500
76;2;2;900
62;3;2;1.490
73;3;1;835
68;3;2;800
95;3;1;2.000
120;2;2;1.700
80;1;2;2.065
60;3;1;900
193;1;2;1.200
42;2;1;2.520
75;4;1;750
111;1;2;900
70;1;1;1.100
40;4;1;950
115;3;2;800
44;3;1;1.050
72;3;1;750
80;1;2;1.000
73;1;2;1.100
57;1;1;850
43;3;1;950
50;3;1;640
100;2;2;675
65;3;1;1.700
83;4;1;720
100;3;2;1.100
89;4;1;1.400
124;1;3;1.390
50;4;1;1.800
90;2;1;990
62;1;1;1.050
34;1;1;940
58;2;1;550
60;2;1;790
50;2;1;1.000
50;1;1;800
50;1;1;890
67;3;1;875
203;1;2;1.250
38;3;1;2.750
95;4;2;600
128;3;2;1.200
70;4;1;1.600
115;3;2;825
95;4;2;1.600
118;4;2;1.000
183;4;3;1.500
230;2;3;3.085
41;1;1;4.900
35;3;1;750
78;2;1;700
65;3;1;880
63;2;1;775
65;3;2;850
90;3;2;850
58;3;2;995
90;3;2;990
100;1;1;1.050
50;2;1;1.245
60;3;1;720
95;1;2;1.150
40;4;1;950
90;2;2;800
60;3;1;1.200
85;3;2;1.100
81;3;1;1.300
100;2;2;1.700
46;1;1;1.350
83;1;2;650
52;1;1;1.490
48;1;1;720
50;2;1;700
70;2;1;900
75;4;1;1.200
160;2;2;1.095
60;2;1;1.700
72;3;1;850
80;4;2;800
92;1;1;1.650
43;3;1;1.200
122;5;2;675
255;6;4;1.600
488;1;5;2.600
56;3;1;10.000
90;2;2;1.190
67;3;1;2.000
76;4;1;800
140;1;2;850
25;3;1;1.890
83;3;1;700
67;3;2;990
70;1;1;1.250
47;4;1;750
94;3;1;800
70;3;1;1.100
75;3;2;875
150;2;2;800
67;2;1;1.500
51;3;1;925
66;2;1;900
59;2;1;700
74;3;2;1.000
48;3;1;1.627
62;2;1;666
100;4;2;750
175;2;4;1.300
80;4;2;2.500
95;1;3;1.700
56;3;1;1.450
83;2;1;800
65;3;1;1.200
79;3;1;1.300
99;3;1;695
72;4;1;1.150
60;4;2;945
177;2;2;1.000
65;2;1;1.990
73;4;1;850
80;3;1;880
85;3;2;1.000
36;2;13;1.700
100;1;2;490
65;4;1;1.800
90;1;2;1.600
145;2;2;1.100
45;2;1;1.550
72;1;1;2.400
66;4;1;700
53;3;1;1.140
97;1;2;900
95;5;2;760
50;1;1;1.200
87;2;2;1.200
35;2;1;800
55;2;1;1.200
60;3;2;650
55;3;1;773
150;1;2;950
120;3;1;710
55;2;1;1.250
116;3;2;1.150
50;3;1;950
85;2;2;1.530
70;3;1;1.000
66;4;1;1.400
62;3;1;850
120;3;2;1.600
83;3;1;1.250
80;3;1;1.300
100;2;2;1.300
79;4;1;750
55;2;1;1.000
130;3;2;1.150
58;2;1;1.100
61;1;1;1.200
70;3;1;950
40;3;1;980
109;4;3;940
95;4;1;650
109;1;2;1.800
80;1;1;1.245
48;3;1;1.100
48;3;1;800
68;3;1;900
132;4;2;670
91;1;1;1.280
130;2;2;2.300
45;3;1;925
56;3;1;1.800
70;4;2;690
80;2;2;690
80;4;1;1.000
79;2;1;900
95;3;2;1.145
73;2;2;1.100
80;1;1;1.150
67;2;1;1.150
55;6;1;900
151;2;2;850
300;8;4;850
50;1;1;2.380
52;2;1;800
62;3;1;1.050
157;4;2;1.000
39;2;Bajo;2.300
88;3;2;2.990
80;2;1;650
141;2;3;1.100
82;3;1;1.750
80;2;2;2.200
75;2;1;790
59;1;1;1.600
65;4;1;870
90;3;1;700
135;1;2;1.100
82;1;2;1.100
55;2;1;1.590
60;1;1;1.100
85;2;2;1.400
37;3;1;900
85;3;2;1.550
101;2;2;800
76;1;1;1.225
65;3;1;1.450
45;2;1;950
71;1;2;800
90;4;2;675
50;2;1;1.150
66;1;1;900
90;4;2;995
85;2;1;645
180;2;2;895
51;4;1;1.900
62;3;1;2.500
300;4;4;1.000
90;3;2;790
135;1;3;2.500
120;3;2;1.750
43;2;1;2.250
93;3;1;1.550
79;2;1;1.100
120;3;2;1.300
50;3;1;1.020
102;3;1;2.200
122;2;2;845
83;4;1;950
70;1;1;2.700
90;3;2;1.000
60;3;2;1.100
80;3;1;1.346
75;3;2;1.200
116;3;2;990
88;3;1;1.200
85;2;1;1.300
133;4;2;1.150
79;3;2;1.300
90;4;2;1.400
81;6;1;1.250
100;1;2;1.150
211;1;5;990
44;1;1;1.190
100;4;1;2.500
40;4;1;825
133;1;2;2.000
80;3;2;700
75;3;1;1.400
70;2;1;1.100
100;2;2;1.430
104;4;2;800
123;3;2;1.550
96;5;1;1.650
120;3;2;2.800
140;3;7;1.400
70;2;1;1.900
83;3;2;985
80;2;2;750
152;3;2;1.353
50;1;1;1.000
69;4;1;3.640
45;3;1;1.050
102;2;2;1.000
61;1;1;720
75;3;2;1.000
40;3;1;1.175
66;3;1;1.600
120;3;2;800
120;2;2;827
140;3;2;6.500
100;3;2;2.900
70;2;1;2.500
82;2;2;1.280
81;1;1;850
89;3;2;875
50;2;1;1.100
80;1;2;1.650
196;2;1;1.225
45;2;1;1.400
48;3;1;2.500
53;3;1;900
270;4;4;750
77;4;2;900
114;2;2;4.500
154;3;3;1.290
60;4;1;1.500
69;3;1;3.745
86;2;2;793
90;3;2;860
57;3;1;1.000
135;3;2;1.400
80;2;1;1.250
76;3;1;3.800
60;3;1;900
97;2;1;1.300
78;1;1;680
51;2;1;930
58;3;1;975
110;3;2;875
82;3;1;1.250
69;3;1;2.500
105;2;2;900
90;3;2;800
65;5;1;1.400
85;4;1;990
200;2;3;1.400
130;3;3;1.100
38;2;1;2.500
54;4;1;2.000
55;3;1;875
90;3;2;800
120;2;2;800
100;6;2;1.115
88;3;1;2.250
230;3;3;2.000
100;4;2;1.760
77;2;1;2.675
90;5;1;1.297
65;3;2;950
145;1;2;950
63;1;1;1.000
68;3;1;1.400
50;3;1;1.200
71;2;1;1.000
75;3;2;925
102;2;1;1.380
121;4;2;1.115
75;3;2;1.150
113;3;2;1.600
84;3;1;950
64;3;1;1.310
120;2;1;990
89;3;2;760
90;2;2;1.350
105;1;1;925
80;3;1;1.175
45;3;1;1.500
95;3;2;1.450
140;2;3;660
114;5;2;3.000
55;2;1;1.500
201;4;2;1.750
64;3;1;1.050
80;2;2;2.950
212;3;3;1.000
70;2;1;1.100
130;2;2;2.450
75;2;1;1.000
95;1;1;2.000
65;2;1;700
29;3;1;1.300
65;2;1;850
93;2;2;900
76;3;1;1.140
55;3;1;1.000
78;4;1;990
48;3;1;850
120;3;3;850
60;2;1;1.100
113;2;2;1.700
55;3;1;815
62;1;1;1.827
86;3;2;1.050
50;3;1;1.350
79;3;2;1.300
75;4;2;950
106;2;2;1.250
90;2;2;1.100
69;1;1;1.800
65;2;1;1.250
60;1;1;1.200
87;4;2;1.800
45;2;1;900
125;4;2;1.225
65;4;2;800
100;4;2;2.200
112;2;2;1.090
181;1;3;1.015
80;3;2;1.650
52;4;1;2.300
81;3;2;1.100
67;3;1;670
80;2;2;990
42;2;1;1.500
156;1;2;1.500
75;2;1;700
50;3;1;2.100
100;3;1;1.150
92;3;2;900
117;1;2;2.500
70;1;1;2.120
40;2;1;1.200
45;1;1;1.350
60;1;1;1.400
75;2;1;700
45;3;1;850
80;2;2;1.150
95;1;2;800
72;3;2;2.250
40;3;1;1.200
68;1;1;2.500
120;1;2;770
60;1;1;850
29;1;1;2.200
30;3;1;1.300
60;2;1;550
79;3;1;900
52;2;1;1.100
71;1;1;850
65;2;1;800
45;2;1;1.250
52;5;1;1.300
80;3;1;1.320
180;2;4;745
73;1;2;2.800
38;2;1;1.100
60;4;1;650
55;4;1;760
62;4;1;1.100
115;3;2;813
80;2;2;1.200
73;2;1;1.800
150;1;2;790
80;3;1;1.200
48;2;1;1.150
110;3;2;1.450
105;4;1;750
61;4;1;1.475
134;3;1;1.800
91;3;2;750
59;3;1;1.000
67;3;1;1.450
80;3;2;800
105;2;2;650
75;2;1;1.300
130;3;2;1.780
52;2;1;1.200
60;3;2;1.050
166;3;3;890
64;3;1;750
70;1;1;1.895
75;5;2;890
35;3;1;890
225;2;3;1.178
76;3;1;575
40;4;1;2.500
90;3;1;890
85;2;2;624
81;3;1;1.100
65;3;2;1.250
65;2;2;1.170
140;2;3;850
70;3;1;1.360
70;3;1;1.900
101;2;2;1.400
60;4;1;850
71;2;1;975
205;2;2;900
72;1;2;1.100
65;1;1;2.500
60;2;1;1.100
39;4;1;850
40;1;1;1.100
110;2;2;650
50;4;1;850
70;4;1;1.050
74;2;2;1.400
135;1;2;1.200
70;3;2;950
55;2;1;2.500
83;1;2;800
42;3;1;800
44;2;1;1.150
85;1;1;770
90;1;2;550
40;2;1;980
50;2;1;1.000
95;1;2;700
69;1;2;850
77;3;1;2.750
42;2;1;1.150
80;3;1;1.400
65;3;1;899
69;1;2;900
80;6;2;1.160
46;3;1;1.150
230;2;3;950
75;2;1;700
122;4;2;2.675
45;2;1;850
80;3;2;2.400
65;4;1;700
75;3;1;1.220
230;2;3;1.100
64;2;1;889
80;3;2;4.900
100;3;2;1.000
379;4;2;1.600
58;3;1;1.744
102;2;2;2.200
74;3;1;800
103;2;1;1.850
126;4;2;900
90;3;2;1.100
120;2;2;1.750
80;3;1;1.000
96;4;2;1.300
81;4;1;1.700
162;2;2;1.100
105;3;2;900
155;4;2;2.400
146;5;2;1.100
172;1;2;1.790
259;3;3;3.900
50;3;1;1.750
74;3;1;3.600
66;4;1;1.200
92;2;2;957
107;2;2;900
65;3;1;1.000
65;1;2;1.150
77;1;2;1.000
86;3;1;850
36;2;1;1.560
84;2;1;1.075
70;7;1;700
61;2;1;1.087
700;3;6;950
46;3;1;950
64;3;1;A consultar
45;4;1;850
90;2;2;850
67;3;1;750
75;2;1;1.200
60;4;1;950
98;1;2;1.400
200;4;3;875
80;2;1;1.700
150;5;2;2.060
75;2;1;1.400
195;2;2;2.900
62;3;1;1.300
70;2;1;1.850
63;3;1;1.100
77;3;2;1.140
75;2;1;820
80;7;2;950
90;3;2;1.200
202;3;2;990
88;3;1;2.200
78;3;1;2.300
70;2;1;975
81;1;1;900
73;3;2;1.100
53;2;1;925
75;3;1;887
120;2;2;900
60;2;1;1.900
105;3;2;700
61;3;1;1.290
75;1;1;1.300
70;2;1;1.150
60;3;1;1.000
53;5;1;825
88;4;2;800
180;3;3;1.026
61;3;1;1.850
180;3;2;5.800
123;2;2;825
63;3;1;3.900
72;3;1;2.200
119;7;2;750
62;2;1;800
153;2;2;1.600
75;3;2;995
75;3;1;2.300
64;3;2;1.250
68;2;1;780
80;2;1;900
100;1;3;860
101;5;1;870
56;1;1;2.500
144;1;2;1.450
55;1;1;1.000
45;2;1;1.550
57;3;2;790
57;3;1;700
139;1;2;1.100
130;1;2;1.090
40;5;1;2.400
25;4;1;1.690
410;3;3;795
220;1;4;500
90;3;2;5.800
35;3;1;4.500
80;3;1;1.200
93;2;1;780
80;3;1;1.400
100;3;1;1.000
57;3;1;1.550
136;2;3;1.375
82;3;1;830
85;3;2;3.500
81;3;1;800
114;3;2;1.500
157;2;2;950
135;2;2;1.200
88;3;1;2.990
58;2;1;1.338
96;1;1;1.760
67;3;1;800
50;2;1;900
130;3;3;850
102;3;2;950
75;2;1;2.850
60;2;1;2.420
70;3;1;1.000
70;3;1;1.100
65;1;1;1.390
80;2;2;1.000
50;2;1;990
70;3;1;1.560
130;1;2;890
81;1;1;900
48;1;1;1.650
50;3;1;920
30;3;1;650
70;2;1;585
66;5;1;650
85;4;1;860
132;4;2;850
140;2;2;1.200
91;3;2;1.550
100;5;2;1.475
80;2;1;1.125
338;3;4;1.950
70;3;1;1.550
67;3;1;3.600
85;2;2;1.300
80;1;2;1.100
75;3;1;1.700
55;5;1;1.100
65;3;1;1.500
144;2;2;750
80;2;1;825
70;2;1;1.550
120;2;2;1.200
73;1;1;1.600
55;1;1;1.700
45;3;1;1.000
45;3;1;700
158;3;2;650
64;2;1;700
126;3;2;2.500
50;2;1;800
200;2;3;1.850
119;2;2;900
70;3;1;2.990
85;1;2;1.900
90;2;2;1.250
35;6;1;1.400
40;2;1;2.000
170;2;3;675
85;3;1;800
60;2;1;975
80;3;3;1.200
62;2;1;995
85;1;2;1.500
68;4;1;900
32;1;1;1.500
137;2;1;850
50;4;1;575
50;2;1;1.300
90;5;1;1.170
67;3;1;1.350
130;1;2;1.050
79;1;2;890
40;1;1;1.450
50;4;1;1.250
29;3;1;688
75;2;1;850
87;3;2;600
60;2;1;1.000
100;1;2;1.200
90;3;2;790
85;2;1;1.050
147;2;2;1.800
130;3;2;1.800
63;4;1;1.090
76;4;1;2.380
200;3;2;1.050
115;1;2;1.198
90;2;2;2.450
50;5;1;1.200
56;5;1;1.100
285;2;4;850
179;2;3;700
62;1;1;3.850
80;3;1;2.850
35;3;1;1.700
82;3;1;770
169;1;2;900
59;4;1;950
55;2;1;2.200
115;4;2;900
85;2;1;995
70;3;1;1.500
65;2;1;1.800
78;4;1;950
59;1;1;650
115;2;2;750
60;2;1;550
73;1;1;1.500
82;3;2;1.100
88;4;1;1.100
95;2;2;1.150
82;1;2;1.500
50;3;1;2.000
38;3;1;1.050
130;4;2;1.050
85;3;2;750
181;1;2;1.600
78;3;1;1.400
48;1;1;2.500
80;2;1;980
50;3;1;1.000
52;2;1;984
112;4;2;700
100;2;2;850
195;3;2;1.890
65;3;1;1.650
110;4;2;2.400
89;2;1;1.100
110;3;2;1.650
62;3;1;750
148;4;2;1.170
175;2;3;900
120;2;2;2.200
50;3;1;3.550
59;3;1;1.400
86;3;2;690
75;2;1;850
79;3;1;1.075
60;4;1;900
100;1;2;1.100
125;2;2;820
65;2;1;1.450
64;2;1;1.200
65;3;1;1.300
90;2;2;1.100
80;2;1;1.400
85;3;1;1.700
70;2;1;1.290
65;3;1;1.100
96;3;2;1.350
95;4;2;790
58;3;1;1.275
108;1;1;1.300
116;4;2;900
37;2;1;1.300
150;2;2;3.115
106;3;2;667
48;4;1;1.200
59;3;1;2.500
120;4;2;1.760
65;3;1;950
82;2;2;1.500
84;2;1;850
47;2;1;990
70;1;1;950
62;1;2;1.100
55;2;1;1.200
45;4;1;800
184;3;3;775
84;3;2;875
64;3;2;3.490
70;3;1;1.267
75;1;1;765
148;2;2;700
45;2;1;1.000
50;1;1;1.210
32;4;1;700
75;1;2;1.863
70;3;1;750
78;3;2;960
70;2;1;900
65;1;1;1.200
70;3;1;825
75;1;1;750
64;1;2;850
40;3;1;1.800
38;3;1;1.136
85;1;2;525
68;4;2;780
75;1;1;1.400
85;3;1;1.100
60;1;1;1.300
74;4;1;1.230
30;4;1;1.100
114;3;2;1.280
95;3;2;620
126;1;2;1.225
167;5;2;1.500
55;2;1;1.300
144;3;2;1.590
50;2;1;850
100;3;2;1.550
65;4;2;950
91;2;2;1.370
140;3;2;1.400
59;3;1;1.200
63;1;1;1.200
95;4;2;800
53;4;1;700
80;1;1;1.400
50;5;1;1.190
179;3;2;1.220
160;1;3;800
80;1;1;2.750
39;2;1;2.750
45;2;1;1.100
44;3;1;675
70;4;1;750
56;5;1;890
140;2;3;950
60;1;1;1.500
50;4;1;1.300
95;3;2;750
89;2;2;880
71;2;1;1.100
50;3;1;1.050
67;1;1;890
75;1;1;800
40;4;1;890
57;2;1;900
98;3;1;850
100;3;2;935
100;3;2;925
63;4;2;1.475
150;2;2;1.200
120;3;2;1.400
78;1;2;3.500
170;1;2;1.650
55;1;1;1.490
50;3;1;1.800
40;2;1;770
95;2;2;700
128;4;2;744
66;1;2;1.100
132;2;3;1.700
52;1;1;1.000
45;1;1;3.731
56;2;1;847
67;2;1;750
73;3;1;720
57;1;1;1.100
57;2;1;1.700
65;3;1;690
55;1;1;920
75;3;1;700
68;2;1;800
110;3;2;790
55;1;1;1.100
74;3;1;1.400
50;3;1;1.100
112;1;2;935
116;4;2;700
65;4;1;1.300
250;3;6;950
45;1;1;590
136;2;2;5.300
55;2;1;1.210
58;3;1;3.000
80;2;2;829
84;1;1;1.600
80;4;1;1.100
70;3;2;1.150
95;3;2;1.108
75;3;1;725
50;3;1;1.200
93;1;2;850
80;3;2;700
45;3;1;1.600
85;3;2;1.500
115;3;2;690
149;2;2;1.700
91;2;2;1.500
95;2;1;3.400
62;1;1;1.500
64;1;2;1.100
60;2;1;940
68;2;1;1.130
65;5;1;1.100
55;3;1;1.400
274;3;3;950
90;2;1;950
92;2;1;3.300
60;3;1;1.190
56;4;1;1.490
72;2;1;1.000
110;2;2;800
74;1;1;915
50;1;1;1.250
38;1;1;825
53;2;1;1.250
40;3;1;875
76;2;2;925
105;2;2;650
51;3;1;1.200
70;3;1;1.160
96;2;2;1.300
50;5;1;900
52;2;1;2.100
167;1;3;700
75;3;1;1.300
70;2;1;2.500
65;3;2;850
58;2;1;830
73;2;1;1.000
69;1;1;750
62;4;1;990
40;2;1;650
73;1;1;1.290
54;2;1;622
40;3;1;1.150
48;3;1;850
198;4;2;775
94;3;2;698
125;2;3;2.250
62;1;1;980
57;4;1;1.700
78;2;1;933
139;1;3;870
77;1;1;950
46;3;1;1.400
42;4;1;1.000
80;2;2;780
93;3;1;740
55;2;1;920
250;3;3;1.250
79;3;1;700
62;1;1;3.000
111;3;2;950
65;1;1;900
160;2;2;3.500
55;4;1;1.200
100;1;1;1.980
85;1;2;820
44;4;1;1.000
99;3;1;1.300
90;3;2;685
73;3;1;895
90;3;2;1.700
72;3;1;1.090
140;3;3;1.360
60;2;1;1.150
147;2;2;1.500
77;5;2;725
65;1;1;1.500
180;3;1;1.350
55;3;1;1.100
151;3;2;1.890
84;4;1;750
150;1;2;1.600
114;1;2;1.050
40;1;1;2.750
40;3;1;1.358
35;2;1;600
106;2;1;700
53;5;1;650
76;4;1;1.090
142;1;2;725
110;4;1;1.300
93;5;1;2.500
108;4;2;1.300
130;2;2;900
80;1;1;1.200
55;2;1;1.250
42;1;1;900
123;1;2;900
50;2;1;650
45;3;1;720
59;2;1;800
77;6;2;1.210
50;2;1;770
250;4;2;890
55;3;1;775
105;3;2;3.300
117;3;3;950
70;1;2;1.300
102;3;2;2.010
80;3;1;1.000
140;4;3;1.400
130;3;2;2.500
90;1;2;2.900
85;5;2;2.100
80;3;1;1.200
200;2;2;1.400
78;2;1;1.600
80;1;1;2.400
140;2;3;1.950
45;2;1;950
74;3;1;1.300
80;2;1;900
106;3;2;780
50;5;1;1.000
55;3;1;1.800
232;4;2;1.050
160;4;3;880
150;2;3;2.600
45;4;1;2.490
75;3;1;700
80;3;2;750
56;4;1;780
67;2;1;1.200
102;3;2;660
90;3;2;1.000
70;4;1;1.380
150;5;2;1.600
100;4;2;690
127;4;3;2.850
180;1;2;1.500
145;4;2;1.650
65;2;1;1.990
116;2;2;1.950
62;4;2;1.200
115;2;1;1.000
55;3;1;1.500
55;5;1;1.800
120;4;2;825
54;2;1;950
100;2;2;660
58;1;1;850
65;2;1;2.600
40;2;1;950
45;2;1;1.700
78;2;1;950
85;4;2;730
57;3;1;850
91;2;2;1.600
150;3;2;950
69;4;1;1.200
95;2;1;2.600
104;3;2;870
47;1;2;1.300
73;3;1;1.220
59;2;1;1.100
95;4;1;1.100
79;3;1;870
170;2;2;1.750
80;1;2;950
75;2;1;2.100
75;2;1;1.500
68;2;1;1.500
59;3;2;1.150
78;2;2;1.100
100;1;2;2.000
97;2;2;890
92;3;2;990
100;1;2;990
100;2;2;900
50;1;1;2.400
68;1;1;1.550
62;4;1;900
61;3;1;916
144;3;3;890
120;3;2;1.499
118;2;1;2.500
91;3;1;1.290
70;1;2;1.100
95;2;2;800
40;2;1;920
77;1;2;1.000
62;2;1;600
42;1;1;1.625
57;2;1;900
45;2;1;700
87;3;2;800
30;5;1;750
106;4;2;890
177;3;3;1.100
116;3;2;1.500
67;3;1;2.750
66;4;1;2.100
75;2;1;885
110;2;2;930
106;2;1;900
63;2;1;1.300
75;3;1;1.050
64;1;1;750
102;4;2;900
55;4;1;950
140;47;2;1.600
107;2;2;824
86;2;1;1.700
60;2;1;1.500
75;1;1;995
63;2;1;1.000
37;3;1;800
120;3;2;570
77;1;1;690
75;2;1;1.500
39;2;1;900
75;3;1;999
66;3;1;700
126;4;3;945
75;3;1;1.300
80;3;1;2.070
55;3;1;1.150
108;2;2;1.200
99;4;2;900
70;2;1;1.400
262;4;4;1.257
82;1;2;2.000
80;2;2;2.700
30;3;1;2.400
72;3;1;950
113;4;2;750
95;1;2;1.250
127;4;2;1.443
50;1;1;1.200
190;2;3;1.600
46;6;1;795
80;1;1;2.900
214;2;2;650
32;3;1;1.000
60;2;1;4.900
64;3;1;650
57;4;1;1.000
75;1;1;750
96;4;2;840
54;3;1;1.099
167;3;3;1.250
85;1;2;1.000
60;3;2;2.150
86;3;1;1.400
75;2;2;950
70;1;1;1.000
59;2;1;1.150
55;2;1;800
80;1;1;675
85;1;1;1.200
45;2;1;980
55;3;1;1.990
55;4;1;800
95;2;2;900
325;3;2;800
88;3;1;2.000
74;1;1;10.000
171;3;2;1.760
55;3;1;810
53;3;1;2.850
101;2;2;800
91;1;2;750
70;4;2;1.450
50;3;1;899
120;2;2;925
93;2;1;950
68;4;1;1.900
77;3;1;1.135
200;4;3;850
100;3;1;1.290
157;3;2;3.000
85;2;2;1.250
120;3;2;1.880
60;2;1;1.400
150;2;2;1.900
75;2;1;1.400
70;2;1;1.590
63;3;1;1.300
50;1;1;1.200
78;3;1;800
37;3;1;1.000
117;2;2;1.050
85;3;2;850
46;4;1;1.300
85;3;1;970
90;3;2;700
87;1;1;1.100
120;3;1;1.075
43;3;1;990
176;2;3;1.350
120;2;2;1.000
60;4;1;2.000
65;4;1;1.950
120;3;2;900
75;3;1;850
70;2;1;1.250
66;2;1;900
61;3;1;900
80;2;1;890
93;1;2;680
79;2;1;900
75;2;1;1.250
60;3;1;1.700
100;1;1;990
131;3;2;1.200
75;1;1;900
77;4;1;1.250
38;4;1;1.100
146;3;3;945
130;3;3;990
72;4;1;1.700
60;2;1;2.000
140;3;2;1.250
80;3;1;875
90;2;2;1.200
85;2;1;1.200
96;1;2;1.100
95;1;2;1.000
55;2;1;1.325
55;1;1;2.750
38;1;1;1.150
30;1;1;1.000
45;3;1;750
54;3;1;695
75;3;1;600
75;3;2;1.300
52;5;1;895
85;2;1;1.350
325;5;5;650
54;3;1;1.150
300;3;5;3.700
97;1;3;990
88;3;2;4.700
60;2;1;1.750
69;1;2;1.000
80;3;1;980
72;1;1;1.500
127;2;2;1.500
56;1;1;1.077
82;3;1;1.980
45;2;1;1.000
57;2;1;850
40;2;1;700
57;4;1;950
67;3;1;670
96;2;2;950
80;1;1;690
55;4;1;1.700
40;2;1;1.250
243;2;3;950
95;1;2;1.000
77;4;1;3.975
30;3;1;1.300
105;3;1;850
65;1;1;600
80;4;2;1.300
45;3;1;790
105;2;2;1.150
100;1;2;1.210
85;4;1;1.180
75;4;1;890
90;2;1;1.500
78;3;2;1.050
46;1;1;1.050
78;2;1;1.000
29;2;1;930
79;4;1;850
62;2;2;570
138;2;2;1.100
74;2;2;920
60;3;1;1.950
70;4;2;1.350
64;3;1;750
130;2;2;1.100
80;3;2;800
60;3;1;1.765
190;4;3;1.500
72;2;2;850
107;3;2;3.500
60;4;2;950
87;1;2;850
248;3;3;850
65;3;1;1.150
49;2;1;9.000
130;3;2;750
59;3;1;690
75;4;1;1.390
63;3;1;900
235;3;4;950
113;4;2;1.150
70;2;2;3.000
110;3;2;1.250
123;1;2;1.100
90;2;1;1.100
41;4;1;1.600
100;2;2;900
105;2;2;690
91;3;2;4.500
80;2;2;1.500
73;1;1;1.300
82;2;1;1.483
51;3;1;900
72;2;2;1.100
117;3;2;898
40;5;1;1.190
100;2;1;1.677
439;2;4;675
75;3;1;800
100;3;1;5.900
60;1;1;900
65;4;1;1.050
55;2;1;700
190;3;4;995
50;5;1;1.050
98;3;2;4.900
150;1;3;1.000
93;2;2;1.600
47;1;1;1.200
33;2;1;850
57;3;1;1.783
82;3;1;900
90;1;2;725
115;3;2;900
53;4;1;1.150
61;1;1;1.400
88;1;2;850
78;2;1;1.150
45;2;1;1.200
65;3;1;1.090
70;1;1;800
44;3;1;740
60;2;1;1.949
101;2;1;775
59;2;1;1.100
100;1;2;775
164;3;2;698
36;1;1;1.800
75;2;1;2.124
40;1;1;590
47;3;1;975
44;3;1;650
129;2;1;700
65;2;1;650
60;2;1;1.600
86;2;2;819
93;2;1;800
65;1;1;1.550
77;3;2;1.650
50;3;1;720
65;2;1;1.275
54;3;1;650
70;2;2;890
78;5;1;750
119;2;3;990
250;2;3;900
74;4;1;1.500
75;1;1;4.600
120;2;1;785
59;5;1;1.000
65;3;2;2.000
220;3;4;1.835
80;3;1;1.000
91;2;1;3.500
140;1;2;1.200
69;1;1;850
60;2;1;899
45;3;1;890
78;3;1;850
175;3;3;680
65;3;2;1.150
75;1;2;1.700
53;2;1;950
43;3;1;975
60;1;1;800
76;3;1;800
60;3;2;1.700
80;4;2;800
100;3;2;800
250;2;3;950
106;1;2;5.700
68;2;1;2.900
48;3;1;1.375
65;2;2;900
75;2;2;850
70;3;1;885
55;2;1;850
72;2;1;1.100
65;4;1;650
51;4;1;945
98;5;2;840
133;2;2;1.300
168;3;2;1.150
85;3;1;2.100
92;3;1;3.160
88;3;2;825
97;3;2;1.025
85;2;1;990
166;3;4;1.250
65;3;1;1.040
60;3;1;2.200
98;2;2;950
65;1;1;780
90;1;1;1.300
41;3;1;850
47;1;1;890
71;2;1;650
60;2;1;850
70;4;1;1.000
63;2;1;1.100
85;2;2;790
75;2;1;750
80;5;1;1.060
71;2;1;925
167;3;4;1.750
86;4;1;890
139;3;2;950
75;2;1;2.600
54;1;1;890
66;3;1;950
34;2;1;778
139;1;2;1.150
30;5;1;600
57;2;1;2.300
275;3;4;625
111;2;2;2.750
70;1;1;1.350
98;3;2;650
70;3;1;800
120;2;2;2.800
80;3;1;1.050
116;4;2;2.600
89;2;1;980
89;4;1;2.700
77;1;1;1.000
135;2;2;950
39;2;1;1.040
95;2;2;1.450
77;1;1;650
75;6;2;1.350
45;2;1;1.200
228;1;3;1.200
62;4;1;820
36;2;1;4.000
95;3;2;700
48;1;1;900
56;3;1;1.420
50;3;1;1.760
69;3;1;1.000
82;2;2;830
80;2;1;1.300
80;4;2;800
57;3;1;1.550
111;1;2;1.550
168;1;3;790
130;2;1;1.600
56;3;1;3.000
70;6;1;1.500
96;2;2;1.200
980;6;5;1.100
55;3;1;1.900
240;5;3;14.000
143;2;2;1.200
274;1;4;3.500
72;2;2;3.400
50;3;1;3.972
73;4;1;788
70;3;2;725
74;3;1;1.100
80;2;1;1.110
150;3;2;850
72;3;2;1.150
67;3;1;2.000
92;1;2;885
61;1;1;900
62;1;1;1.050
50;3;1;890
44;4;1;890
59;1;1;1.400
84;2;2;600
50;1;1;715
42;2;1;1.150
57;4;1;850
58;2;1;850
133;4;2;765
34;2;1;1.835
93;3;2;1.400
63;1;1;750
75;2;1;1.000
86;2;1;875
70;2;1;1.100
101;3;2;970
70;2;1;1.225
90;3;2;1.400
75;3;1;1.600
145;3;3;1.900
132;2;2;800
160;3;2;1.990
57;1;1;1.550
69;2;1;2.200
50;3;1;690
93;1;1;875
70;4;1;700
48;1;1;1.100
100;2;2;875
58;3;2;900
55;2;1;1.300
120;1;2;790
95;1;1;850
40;2;1;2.000
35;2;1;850
49;3;2;750
65;4;1;600
80;3;1;950
129;4;2;1.400
173;3;2;900
84;1;2;1.650
88;2;2;1.600
65;3;1;1.125
65;2;1;890
93;2;2;1.200
55;3;1;1.300
46;1;1;1.100
88;2;2;580
60;3;1;800
72;2;2;900
80;3;1;1.050
76;3;2;1.190
50;3;2;900
105;1;2;1.090
84;2;2;599
35;1;1;2.300
55;1;1;1.150
48;1;1;750
45;3;1;790
38;4;1;800
60;1;1;890
250;2;3;760
38;2;1;1.026
29;3;1;600
80;2;2;725
105;1;2;790
94;1;2;1.385
30;3;1;1.600
51;3;1;1.200
61;3;1;600
86;2;2;900
60;3;1;1.000
53;1;1;1.160
80;3;1;775
90;1;1;980
140;3;2;1.550
45;3;1;3.000
140;2;1;3.000
129;3;2;700
90;3;2;1.300
62;5;1;1.800
78;3;1;1.250
279;1;5;890
74;3;1;1.100
68;1;1;3.500
103;5;2;1.040
49;2;1;1.000
257;1;5;1.800
80;3;1;700
65;3;1;4.900
50;3;1;1.450
125;3;2;1.045
68;4;1;830
124;1;2;2.000
100;2;2;750
46;1;1;1.400
56;2;1;1.000
49;1;1;870
68;4;1;1.250
28;3;1;650
252;3;3;1.300
129;3;2;575
81;2;2;3.200
120;3;1;1.480
55;1;1;1.157
87;3;2;1.350
41;3;1;750
142;3;2;1.150
114;3;2;500
80;2;1;1.850
65;2;2;2.740
42;3;1;1.100
120;3;2;1.150
149;3;2;750
90;3;2;1.600
78;3;1;2.350
75;1;1;1.290
85;1;1;850
45;3;1;900
50;1;1;750
91;2;1;699
80;2;1;850
65;3;2;950
55;2;1;1.700
79;3;1;1.100
60;2;1;890
143;1;3;890
45;2;1;589
60;3;1;4.950
65;2;1;1.000
126;2;2;800
70;4;1;1.050
59;2;2;1.500
142;3;2;975
170;4;2;1.150
98;1;1;1.420
89;3;2;3.000
68;2;1;1.050
63;1;1;1.200
85;2;1;850
35;3;1;1.175
67;2;2;900
90;2;2;750
79;2;1;1.250
57;1;1;1.350
90;4;1;1.250
35;3;1;1.150
114;2;2;1.500
68;3;2;750
85;2;1;2.000
81;3;1;999
70;3;1;1.450
51;1;1;900
65;3;2;1.050
44;2;1;714
171;2;2;996
100;2;2;750
50;4;1;2.350
59;1;1;1.900
102;4;2;780
87;3;1;850
172;3;3;1.400
77;3;2;1.100
100;2;2;2.600
100;1;2;1.460
60;1;1;1.650
55;2;1;1.650
69;1;1;825
39;2;1;899
33;2;1;1.000
77;3;1;600
80;1;1;640
95;3;1;1.200
40;3;1;1.100
87;3;1;1.100
77;3;1;650
65;3;1;890
70;4;1;850
140;4;2;850
180;2;3;1.100
69;1;1;2.500
65;2;1;9.000
50;4;1;800
35;2;1;950
100;1;2;930
76;5;1;1.100
40;3;1;1.200
160;2;1;1.300
120;3;2;750
70;2;2;2.445
109;2;3;1.400
56;3;1;1.600
54;4;2;2.000
100;2;2;821
100;3;1;1.150
80;4;2;1.550
64;3;1;990
129;2;2;900
81;3;2;895
75;3;1;1.650
101;3;2;800
128;3;2;850
90;3;1;1.031
65;1;2;1.250
109;3;1;1.245
74;4;1;895
75;2;1;1.090
201;4;2;1.300
87;1;1;1.116
98;3;2;2.980
34;1;1;1.500
97;4;2;1.200
45;2;1;900
93;1;1;1.100
74;4;1;875
200;2;2;1.000
60;4;1;2.200
61;2;1;800
135;2;2;1.200
80;2;1;870
79;4;1;2.790
70;2;2;1.000
127;2;2;895
90;3;1;995
82;1;2;1.950
55;2;1;1.100
44;2;1;1.150
61;1;1;775
63;2;1;1.350
32;1;1;1.100
48;3;1;850
37;2;1;700
89;1;2;850
65;3;1;660
55;3;1;1.500
105;3;1;1.050
80;1;1;800
84;3;1;1.900
50;2;1;1.050
75;3;1;940
85;3;1;975
70;1;1;1.250
85;3;1;1.150
40;2;1;850
100;4;2;880
169;1;1;650
128;2;3;600
35;4;1;2.600
43;2;1;1.600
81;3;2;690
150;3;2;700
65;1;1;980
95;1;2;2.800
41;2;1;850
75;2;1;1.300
80;1;2;900
75;2;1;1.430
50;3;2;1.600
85;2;2;875
83;7;1;975
80;4;1;1.500
202;1;2;1.000
110;4;2;1.000
42;2;1;2.300
85;1;1;1.600
55;3;1;650
65;2;1;1.000
80;4;2;1.300
75;1;2;900
91;2;2;1.270
40;4;1;1.290
55;4;1;1.150
155;1;2;586
80;2;1;1.300
33;4;1;2.000
55;3;1;1.000
85;2;1;525
90;4;2;1.200
90;3;2;1.300
125;2;1;1.150
180;3;3;1.000
70;4;1;1.160
85;3;1;2.700
153;3;3;1.500
127;3;2;1.050
84;2;1;2.676
90;2;2;1.980
180;3;3;1.000
95;3;2;1.250
90;4;1;2.500
70;3;1;1.450
69;3;1;850
75;1;1;900
74;4;2;899
55;1;1;810
139;4;2;1.460
49;6;2;700
90;2;2;1.930
220;1;2;850
60;2;1;1.300
40;2;1;4.000
77;2;2;1.000
65;3;1;850
49;2;1;1.400
82;4;1;870
63;2;1;1.000
50;1;1;860
41;3;1;800
80;2;2;1.100
100;2;2;475
61;2;2;1.600
60;1;1;1.500
150;4;2;1.246
45;5;1;1.170
253;2;3;3.500
159;1;3;950
75;2;1;3.800
50;3;1;3.500
65;1;1;900
80;4;1;850
35;2;1;890
106;2;1;1.300
77;3;1;650
62;2;1;1.200
140;2;2;750
86;4;1;1.250
75;3;1;1.900
102;2;1;825
76;3;1;900
60;4;2;995
150;5;2;1.000
154;4;2;750
112;3;2;1.800
107;2;2;2.000
147;4;3;1.450
80;4;2;1.150
78;3;2;4.500
110;1;2;1.450
78;2;1;1.000
60;3;1;1.600
69;2;1;850
80;1;2;900
70;5;1;1.200
75;3;1;725
150;2;2;700
130;3;2;850
70;3;1;1.450
198;3;2;1.950
101;5;2;950
100;2;1;2.250
374;4;5;1.550
95;1;1;1.200
140;2;2;4.950
55;2;1;1.185
85;1;1;2.000
70;1;1;900
60;4;1;1.600
48;3;2;1.500
125;3;2;1.063
350;4;4;750
57;3;1;1.400
120;4;2;4.500
227;2;2;730
90;3;2;1.160
80;2;1;3.500
74;1;1;1.100
57;5;2;1.600
35;2;1;1.100
290;1;4;850
80;3;2;600
60;4;1;3.200
90;1;2;1.425
112;3;2;690
47;1;1;1.500
88;4;2;1.700
35;3;1;1.100
107;2;1;1.100
74;3;1;750
62;2;1;1.300
81;3;2;845
70;1;2;1.100
98;3;2;1.100
40;3;1;1.100
86;2;1;1.200
147;5;2;850
72;4;1;1.000
141;2;3;1.190
110;3;2;892
60;4;2;1.390
81;1;1;1.500
75;1;1;1.350
48;2;1;900
60;2;1;1.000
93;1;1;900
80;3;2;1.000
50;2;1;1.100
98;3;2;950
